<?xml version = "1.0" encoding="utf-8" ?>
<cfgrules_registry xmlns="urn:abb-robotics-registry-cfg-rules">
<entry domain="MOC" prepath="$PRODUCTS/RobotControl_7.10.0/rules/cfg/" postpath="moc_cfgrules.xml"/>
<entry domain="EIO" prepath="$PRODUCTS/RobotControl_7.10.0/rules/cfg/" postpath="eio_cfgrules.xml"/>
<entry domain="SIO" prepath="$PRODUCTS/RobotControl_7.10.0/rules/cfg/" postpath="sio_cfgrules.xml"/>
<entry domain="SIO" prepath="$PRODUCTS/RobotControl_7.10.0/rules/cfg/" postpath="sio_net_cfgrules.xml"/>
<entry domain="SIO" prepath="$PRODUCTS/RobotControl_7.10.0/rules/cfg/" postpath="sio_firewall_mgr_cfgrules.xml"/>
<entry domain="SIO" prepath="$PRODUCTS/RobotControl_7.10.0/rules/cfg/" postpath="sio_syslog_cfgrules.xml"/>
<entry domain="SYS" prepath="$PRODUCTS/RobotControl_7.10.0/rules/cfg/" postpath="cir_sys_cfgrules.xml"/>
<entry domain="SYS" prepath="$PRODUCTS/RobotControl_7.10.0/rules/cfg/" postpath="sys_fan_control_cfgrules.xml"/>
<entry domain="DBG" prepath="$PRODUCTS/RobotControl_7.10.0/rules/cfg/" postpath="dbg_cfgrules.xml"/>
<entry domain="MMC" prepath="$PRODUCTS/RobotControl_7.10.0/rules/cfg/" postpath="cir_mmc_cfgrules.xml"/>
<entry domain="SYS" prepath="$PRODUCTS/RobotControl_7.10.0/rules/cfg/" postpath="cir_sys_st_cfgrules.xml"/>
<entry domain="EIO" prepath="$PRODUCTS/RobotControl_7.10.0/options/enms" postpath="/en_base_cfgrules.xml"/>
<entry domain="EIO" prepath="$PRODUCTS/RobotControl_7.10.0/options/pnet" postpath="/pn_network_cfgrules.xml"/>
<entry domain="EIO" prepath="$PRODUCTS/RobotControl_7.10.0/options/pnet" postpath="/pn_driver_cfgrules.xml"/>
<entry domain="EIO" prepath="$PRODUCTS/RobotControl_7.10.0/options/pnet" postpath="/pn_device_cfgrules.xml"/>
<entry domain="EIO" prepath="$PRODUCTS/RobotControl_7.10.0/options/dnmss" postpath="/Dnet_controller_cfgrules.xml"/>
<entry domain="EIO" prepath="$PRODUCTS/RobotControl_7.10.0/options/dnmss" postpath="/Dnet_device_cfgrules.xml"/>
<entry domain="SIO" prepath="$PRODUCTS/RobotControl_7.10.0/options/cse/" postpath="cse_cfgrules.xml"/>
<entry domain="SIO" prepath="$PRODUCTS/RobotControl_7.10.0/options/csgw/" postpath="csgw_cfgrules.xml"/>
<entry domain="SYS" prepath="$PRODUCTS/RobotControl_7.10.0/options/sc" postpath="/runchn_cfgrules.xml"/>
</cfgrules_registry>