<?xml version = "1.0" encoding="utf-8" ?>
<cfgtext_registry xmlns="urn:abb-robotics-registry-cfg-text">
<entry domain="EIO" prepath="$PRODUCTS/RobotControl_7.10.0/language/install/../" postpath="/controller/cfg/eio_cfgtext.xml"/>
<entry domain="SIO" prepath="$PRODUCTS/RobotControl_7.10.0/language/install/../" postpath="/controller/cfg/sio_cfgtext.xml"/>
<entry domain="SIO" prepath="$PRODUCTS/RobotControl_7.10.0/language/install/../" postpath="/controller/cfg/sio_net_cfgtext.xml"/>
<entry domain="SIO" prepath="$PRODUCTS/RobotControl_7.10.0/language/install/../" postpath="/controller/cfg/sio_firewall_mgr_cfgtext.xml"/>
<entry domain="SIO" prepath="$PRODUCTS/RobotControl_7.10.0/language/install/../" postpath="/controller/cfg/sio_syslog_cfgtext.xml"/>
<entry domain="SYS" prepath="$PRODUCTS/RobotControl_7.10.0/language/install/../" postpath="/controller/cfg/sys_fan_control_cfgtext.xml"/>
<entry domain="SYS" prepath="$PRODUCTS/RobotControl_7.10.0/language/install/../" postpath="/controller/cfg/cir_sys_cfgtext.xml"/>
<entry domain="DBG" prepath="$PRODUCTS/RobotControl_7.10.0/language/install/../" postpath="/controller/cfg/dbg_cfgtext.xml"/>
<entry domain="SYS" prepath="$PRODUCTS/RobotControl_7.10.0/language/install/../" postpath="/controller/cfg/vc_sys_cfgtext.xml"/>
<entry domain="MOC" prepath="$PRODUCTS/RobotControl_7.10.0/language/install/../" postpath="/controller/cfg/moc_cfgtext.xml"/>
<entry domain="MMC" prepath="$PRODUCTS/RobotControl_7.10.0/language/install/../" postpath="/controller/cfg/cir_mmc_cfgtext.xml"/>
<entry domain="SYS" prepath="$PRODUCTS/RobotControl_7.10.0/language/install/../" postpath="/controller/cfg/cir_sys_st_cfgtext.xml"/>
<entry domain="EIO" prepath="$PRODUCTS/RobotControl_7.10.0/options/enms/language/" postpath="/en_cfgtext.xml"/>
<entry domain="EIO" prepath="$PRODUCTS/RobotControl_7.10.0/options/pnet/language/" postpath="/pn_driver_cfgtext.xml"/>
<entry domain="EIO" prepath="$PRODUCTS/RobotControl_7.10.0/options/pnet/language/" postpath="/pn_network_cfgtext.xml"/>
<entry domain="EIO" prepath="$PRODUCTS/RobotControl_7.10.0/options/pnet/language/" postpath="/pn_device_cfgtext.xml"/>
<entry domain="EIO" prepath="$PRODUCTS/RobotControl_7.10.0/options/dnmss/language/" postpath="/dnet_controller_cfgtext.xml"/>
<entry domain="EIO" prepath="$PRODUCTS/RobotControl_7.10.0/options/dnmss/language/" postpath="/dnet_device_cfgtext.xml"/>
<entry domain="SIO" prepath="$PRODUCTS/RobotControl_7.10.0/options/cse/language/" postpath="/cse_cfgtext.xml"/>
<entry domain="SIO" prepath="$PRODUCTS/RobotControl_7.10.0/options/csgw/language/" postpath="/csgw_cfgtext.xml"/>
<entry domain="EIO" prepath="$PRODUCTS/RobotControl_7.10.0/options/sc/language/" postpath="/runchn_cfgtext.xml"/>
</cfgtext_registry>