<?xml version = "1.0" encoding="utf-8" ?>
<elogtext_registry xmlns="urn:abb-robotics-registry-elog-text">
<entry domain_no="1" min="2" max="136" prepath="$PRODUCTS/RobotControl_7.10.0/language/install/../" postpath="/controller/elog/opr_elogtext_1.xml"/>
<entry domain_no="1" min="137" max="350" prepath="$PRODUCTS/RobotControl_7.10.0/language/install/../" postpath="/controller/elog/opr_elogtext_2.xml"/>
<entry domain_no="1" min="351" max="2706" prepath="$PRODUCTS/RobotControl_7.10.0/language/install/../" postpath="/controller/elog/opr_elogtext_3.xml"/>
<entry domain_no="2" min="12" max="165" prepath="$PRODUCTS/RobotControl_7.10.0/language/install/../" postpath="/controller/elog/sys_elogtext_1.xml"/>
<entry domain_no="2" min="166" max="394" prepath="$PRODUCTS/RobotControl_7.10.0/language/install/../" postpath="/controller/elog/sys_elogtext_2.xml"/>
<entry domain_no="2" min="395" max="673" prepath="$PRODUCTS/RobotControl_7.10.0/language/install/../" postpath="/controller/elog/sys_elogtext_3.xml"/>
<entry domain_no="3" min="1810" max="2573" prepath="$PRODUCTS/RobotControl_7.10.0/language/install/../" postpath="/controller/elog/hw_elogtext_1.xml"/>
<entry domain_no="3" min="2574" max="4278" prepath="$PRODUCTS/RobotControl_7.10.0/language/install/../" postpath="/controller/elog/hw_elogtext_2.xml"/>
<entry domain_no="3" min="4279" max="4337" prepath="$PRODUCTS/RobotControl_7.10.0/language/install/../" postpath="/controller/elog/hw_elogtext_3.xml"/>
<entry domain_no="3" min="4338" max="4442" prepath="$PRODUCTS/RobotControl_7.10.0/language/install/../" postpath="/controller/elog/hw_elogtext_4.xml"/>
<entry domain_no="3" min="4443" max="6612" prepath="$PRODUCTS/RobotControl_7.10.0/language/install/../" postpath="/controller/elog/hw_elogtext_5.xml"/>
<entry domain_no="3" min="6613" max="8201" prepath="$PRODUCTS/RobotControl_7.10.0/language/install/../" postpath="/controller/elog/hw_elogtext_6.xml"/>
<entry domain_no="3" min="8203" max="8516" prepath="$PRODUCTS/RobotControl_7.10.0/language/install/../" postpath="/controller/elog/hw_elogtext_7.xml"/>
<entry domain_no="3" min="8517" max="9352" prepath="$PRODUCTS/RobotControl_7.10.0/language/install/../" postpath="/controller/elog/hw_elogtext_8.xml"/>
<entry domain_no="3" min="9353" max="9700" prepath="$PRODUCTS/RobotControl_7.10.0/language/install/../" postpath="/controller/elog/hw_elogtext_9.xml"/>
<entry domain_no="4" min="1" max="92" prepath="$PRODUCTS/RobotControl_7.10.0/language/install/../" postpath="/controller/elog/arl_elogtext_1.xml"/>
<entry domain_no="4" min="93" max="222" prepath="$PRODUCTS/RobotControl_7.10.0/language/install/../" postpath="/controller/elog/arl_elogtext_2.xml"/>
<entry domain_no="4" min="223" max="525" prepath="$PRODUCTS/RobotControl_7.10.0/language/install/../" postpath="/controller/elog/arl_elogtext_3.xml"/>
<entry domain_no="4" min="526" max="652" prepath="$PRODUCTS/RobotControl_7.10.0/language/install/../" postpath="/controller/elog/arl_elogtext_4.xml"/>
<entry domain_no="4" min="654" max="773" prepath="$PRODUCTS/RobotControl_7.10.0/language/install/../" postpath="/controller/elog/arl_elogtext_5.xml"/>
<entry domain_no="4" min="774" max="1427" prepath="$PRODUCTS/RobotControl_7.10.0/language/install/../" postpath="/controller/elog/arl_elogtext_6.xml"/>
<entry domain_no="4" min="1428" max="1525" prepath="$PRODUCTS/RobotControl_7.10.0/language/install/../" postpath="/controller/elog/arl_elogtext_7.xml"/>
<entry domain_no="4" min="1526" max="1616" prepath="$PRODUCTS/RobotControl_7.10.0/language/install/../" postpath="/controller/elog/arl_elogtext_8.xml"/>
<entry domain_no="4" min="1617" max="1716" prepath="$PRODUCTS/RobotControl_7.10.0/language/install/../" postpath="/controller/elog/arl_elogtext_9.xml"/>
<entry domain_no="4" min="1717" max="1815" prepath="$PRODUCTS/RobotControl_7.10.0/language/install/../" postpath="/controller/elog/arl_elogtext_10.xml"/>
<entry domain_no="4" min="1816" max="1924" prepath="$PRODUCTS/RobotControl_7.10.0/language/install/../" postpath="/controller/elog/arl_elogtext_11.xml"/>
<entry domain_no="5" min="21" max="195" prepath="$PRODUCTS/RobotControl_7.10.0/language/install/../" postpath="/controller/elog/moc_elogtext_1.xml"/>
<entry domain_no="5" min="196" max="290" prepath="$PRODUCTS/RobotControl_7.10.0/language/install/../" postpath="/controller/elog/moc_elogtext_2.xml"/>
<entry domain_no="5" min="294" max="378" prepath="$PRODUCTS/RobotControl_7.10.0/language/install/../" postpath="/controller/elog/moc_elogtext_3.xml"/>
<entry domain_no="5" min="379" max="460" prepath="$PRODUCTS/RobotControl_7.10.0/language/install/../" postpath="/controller/elog/moc_elogtext_4.xml"/>
<entry domain_no="5" min="461" max="539" prepath="$PRODUCTS/RobotControl_7.10.0/language/install/../" postpath="/controller/elog/moc_elogtext_5.xml"/>
<entry domain_no="7" min="1001" max="1278" prepath="$PRODUCTS/RobotControl_7.10.0/language/install/../" postpath="/controller/elog/io_elogtext_1.xml"/>
<entry domain_no="7" min="1288" max="1382" prepath="$PRODUCTS/RobotControl_7.10.0/language/install/../" postpath="/controller/elog/io_elogtext_2.xml"/>
<entry domain_no="7" min="1383" max="1498" prepath="$PRODUCTS/RobotControl_7.10.0/language/install/../" postpath="/controller/elog/io_elogtext_3.xml"/>
<entry domain_no="7" min="1499" max="1566" prepath="$PRODUCTS/RobotControl_7.10.0/language/install/../" postpath="/controller/elog/io_elogtext_4.xml"/>
<entry domain_no="7" min="1567" max="2026" prepath="$PRODUCTS/RobotControl_7.10.0/language/install/../" postpath="/controller/elog/io_elogtext_5.xml"/>
<entry domain_no="8" min="1" max="3" prepath="$PRODUCTS/RobotControl_7.10.0/language/install/../" postpath="/controller/elog/usr_elogtext_1.xml"/>
<entry domain_no="9" min="500" max="609" prepath="$PRODUCTS/RobotControl_7.10.0/language/install/../" postpath="/controller/elog/safety_elogtext_1.xml"/>
<entry domain_no="9" min="610" max="684" prepath="$PRODUCTS/RobotControl_7.10.0/language/install/../" postpath="/controller/elog/safety_elogtext_2.xml"/>
<entry domain_no="9" min="685" max="817" prepath="$PRODUCTS/RobotControl_7.10.0/language/install/../" postpath="/controller/elog/safety_elogtext_3.xml"/>
<entry domain_no="9" min="818" max="1039" prepath="$PRODUCTS/RobotControl_7.10.0/language/install/../" postpath="/controller/elog/safety_elogtext_4.xml"/>
<entry domain_no="10" min="0" max="0" prepath="$PRODUCTS/RobotControl_7.10.0/language/install/../" postpath="/controller/elog/int_elogtext_1.xml"/>
<entry domain_no="11" min="4800" max="4814" prepath="$PRODUCTS/RobotControl_7.10.0/language/install/../" postpath="/controller/elog/miscproc_elogtext_1.xml"/>
<entry domain_no="12" min="1" max="21" prepath="$PRODUCTS/RobotControl_7.10.0/language/install/../" postpath="/controller/elog/cfg_elogtext_1.xml"/>
<titles prepath="$PRODUCTS/RobotControl_7.10.0/language/install/../" postpath="/controller/elog/domain_elogtitles.xml"/>
<domains prepath="$PRODUCTS/RobotControl_7.10.0/language/install/../" postpath="/controller/elog/elog_domains.xml"/>
<domains prepath="$PRODUCTS/RobotControl_7.10.0/options/cse/language/" postpath="/cse_elogdomain.xml"/>
<entry domain_no="17" min="1" max="999" prepath="$PRODUCTS/RobotControl_7.10.0/options/cse/language/" postpath="/cse_elogtext.xml"/>
<titles prepath="$PRODUCTS/RobotControl_7.10.0/options/cse/language/" postpath="/cse_elogtitles.xml"/>
</elogtext_registry>