<?xml version = "1.0" encoding="utf-8" ?>
<elogrules_registry xmlns="urn:abb-robotics-registry-elog-rules">
<entry prepath="$PRODUCTS/RobotControl_7.10.0/rules/elog/" postpath="arl_elogrules.xml"/>
<entry prepath="$PRODUCTS/RobotControl_7.10.0/rules/elog/" postpath="cap_elogrules.xml"/>
<entry prepath="$PRODUCTS/RobotControl_7.10.0/rules/elog/" postpath="cfg_elogrules.xml"/>
<entry prepath="$PRODUCTS/RobotControl_7.10.0/rules/elog/" postpath="hw_elogrules.xml"/>
<entry prepath="$PRODUCTS/RobotControl_7.10.0/rules/elog/" postpath="io_elogrules.xml"/>
<entry prepath="$PRODUCTS/RobotControl_7.10.0/rules/elog/" postpath="moc_elogrules.xml"/>
<entry prepath="$PRODUCTS/RobotControl_7.10.0/rules/elog/" postpath="opr_elogrules.xml"/>
<entry prepath="$PRODUCTS/RobotControl_7.10.0/rules/elog/" postpath="safety_elogrules.xml"/>
<entry prepath="$PRODUCTS/RobotControl_7.10.0/rules/elog/" postpath="sys_elogrules.xml"/>
<entry prepath="$PRODUCTS/RobotControl_7.10.0/rules/elog/" postpath="usr_elogrules.xml"/>
</elogrules_registry>