<?xml version="1.0"?>
<SafetyControllerRobotData version="1.0" xmlns="urn:abb-robotics-safety-controller-robotconfiguration">
  <Robot robotType="ELBOW" robotTypeName="IRB_1100C_0.47_4">
    <Joint jointId="1" servoLag="2" servoDelay="2" maxSpeedManualMode="28.748">
      <Arm>
        <Kinvec1 x="0" y="0" z="0.166500002" />
      </Arm>
      <Transmission transmJoint="89.5238037" rotatingMove="true" />
      <MeasurementChannel node="1" link="1" boardPosition="1" minSquareXYSum="0.2601" maxSquareXYSum="1" />
    </Joint>
    <Joint jointId="2" servoLag="2" servoDelay="2" maxSpeedManualMode="33.160001">
      <Arm>
        <Kinvec1 x="0" y="0" z="0.160500005" />
      </Arm>
      <Transmission transmJoint="-100" rotatingMove="true" />
      <MeasurementChannel node="2" link="1" boardPosition="1" minSquareXYSum="0.2601" maxSquareXYSum="1" />
    </Joint>
    <Joint jointId="3" servoLag="2" servoDelay="2" maxSpeedManualMode="43.979999">
      <Arm>
        <Kinvec1 x="0" y="0" z="0.224999994" />
      </Arm>
      <Transmission transmJoint="-150" rotatingMove="true" />
      <MeasurementChannel node="3" link="1" boardPosition="1" minSquareXYSum="0.2601" maxSquareXYSum="1" />
    </Joint>
    <Joint jointId="4" servoLag="2" servoDelay="2" maxSpeedManualMode="29.319999">
      <Arm>
        <Kinvec1 x="0" y="0" z="0.00999999978" />
      </Arm>
      <Transmission transmJoint="75" rotatingMove="true" />
      <MeasurementChannel node="4" link="1" boardPosition="1" minSquareXYSum="0.2601" maxSquareXYSum="1" />
    </Joint>
    <Joint jointId="5" servoLag="2" servoDelay="2" maxSpeedManualMode="34.429999">
      <Arm>
        <Kinvec1 x="0.25" y="0" z="0" />
      </Arm>
      <Transmission transmJoint="-93.9393997" highGearCoupled1="1" lowGearCoupled1="1" rotatingMove="true" />
      <MeasurementChannel node="5" link="1" boardPosition="1" minSquareXYSum="0.2601" maxSquareXYSum="1" />
    </Joint>
    <Joint jointId="6" servoLag="2" servoDelay="2" maxSpeedManualMode="26.176">
      <Arm>
        <Kinvec1 x="0.064000003" y="0" z="0" />
      </Arm>
      <Transmission transmJoint="-50" rotatingMove="true" />
      <MeasurementChannel node="6" link="1" boardPosition="1" minSquareXYSum="0.2601" maxSquareXYSum="1" />
    </Joint>
    <ElbowOffset x="-0.0799999982" y="0" z="0.0599999987" />
  </Robot>
  <STOP1 delay="200" cartDecel="5.69999981" />
</SafetyControllerRobotData>